timestamp,ax,ay,az,gx,gy,gz
0,-0.0216933831104,0.230597111815,9.81798925704,-0.000889034017989,-0.00109344174686,0.349186223443
0.01,-0.000742004598016,0.238003397721,9.81040128767,-0.000158770629064,0.000830839868112,0.349618912848
0.02,-0.0197880255102,0.277222392459,9.83151033021,-0.000204138548172,0.000569271796605,0.349163455731
0.03,0.0242209235236,0.235998619343,9.82290110029,0.000883571132048,-0.000548686383153,0.350489459514
0.04,0.014127395349,0.243348012493,9.78479556222,-0.000365983094668,0.0023966666209,0.350421301879
0.05,-0.0311421131116,0.210700652913,9.80179000545,-0.00014120654923,0.000467970522652,0.348119694165
0.06,-0.00425959056212,0.253253211741,9.77831238253,-0.00101673615327,-0.00129552701115,0.35007589259
0.07,-0.0386209630629,0.26124653758,9.78507070143,0.00236507211949,-0.00096412356037,0.351701038526
0.08,-0.00623433829604,0.274032603934,9.82757457827,-1.44528064379e-05,0.000620342705594,0.349023934587
0.09,0.0225287233067,0.24833344814,9.83139706314,0.000420347150087,-0.00113348479017,0.349834303382
0.1,0.0249431163535,0.270331043926,9.83471451512,0.00129482743701,-0.00042285778132,0.352007937873
0.11,0.00237662272096,0.235440764273,9.83657198006,2.11685848177e-05,5.9549622059e-05,0.351102543971
0.12,-0.00204392516804,0.225385121129,9.83868053617,-0.000234402285614,0.000291102129817,0.349212288187
0.13,-0.00019960094857,0.214136706214,9.78236112075,-0.000893848280831,-0.000530947963445,0.349355045956
0.14,-0.00662851465098,0.267311588165,9.83403473108,-0.000498912110241,-0.00337508755473,0.34996015245
0.15,0.0118007464904,0.277480610074,9.81168854141,0.000686017952683,-0.00118088592776,0.349603407784
0.16,0.0248446284892,0.237359259874,9.81697019986,0.00128160419645,0.000331754435364,0.349751718786
0.17,-0.0252378606637,0.269757141793,9.76437796694,0.00139460270838,-6.48758696014e-05,0.348476934289
0.18,0.0541740059284,0.269214023476,9.80818857579,1.94722459406e-05,0.000345734413568,0.351398412157
0.19,-0.034484832994,0.25098009959,9.78645182756,0.0014679056765,-0.00014107910081,0.350578538239
0.2,-0.019745926457,0.270856171329,9.79507671084,0.000116418951178,0.00131718011426,0.350358327748
0.21,-0.0455216820267,0.249224453716,9.76904260912,0.000939022917475,-0.000896352816435,0.350149158196
0.22,0.00824062962074,0.245890368656,9.79878634184,-0.000275639553661,-0.000420967139057,0.351214904654
0.23,-0.00418746835707,0.265656963732,9.80421717964,-0.000671418202642,0.00192872099369,0.347934413379
0.24,0.0136274390166,0.22485763815,9.79294636506,-0.000920837764379,0.000568644107428,0.350125145647
0.25,0.0232180523622,0.288703324549,9.81283964991,-0.0014113499646,0.00177098555536,0.350687906757
0.26,0.0274036653706,0.234149681049,9.78095780244,0.000296166968949,-0.000379761657174,0.350654000798
0.27,-0.00237778914656,0.218958577779,9.81309776477,-0.000525138045989,0.00303938839475,0.350940979703
0.28,0.0329356288128,0.23813409964,9.82895096063,-0.00146352869448,0.000673542751925,0.34954053599
0.29,-0.00571716874211,0.263367652191,9.7907079627,-0.000381863757566,-0.000499050214214,0.350491531767
0.3,0.0382413469659,0.234267830441,9.78818822322,0.00204528785701,-1.77914128299e-05,0.351468843716
0.31,0.0319942237205,0.206588267979,9.80626516049,0.000347044739591,-5.12222742363e-05,0.349872068293
0.32,0.000773030597226,0.250446193915,9.78911147634,0.000848108219549,-0.00139776182398,0.349679704077
0.33,0.029621906099,0.226471602821,9.79694601355,0.000546750648632,0.000385117015523,0.351763650637
0.34,0.00272805282235,0.279718168098,9.79717422324,0.00118331523023,0.00183023628028,0.350812980478
0.35,0.00250773955623,0.236782904775,9.78779449459,-0.000970036964173,-0.00164280001188,0.351186949683
0.36,0.0204639933316,0.285339336602,9.84573269054,-0.0011628669215,0.000425247053942,0.348907201924
0.37,-0.0127166895487,0.261647985833,9.81408524094,0.00188010623104,-0.000618700775771,0.349338982634
0.38,-0.00281660680023,0.259062354905,9.785963762,0.00112151552504,0.000974936856573,0.34965393211
0.39,0.020336275614,0.225895990802,9.79122453533,0.000561853993275,0.000616202157755,0.349026974763
0.4,-0.0119191422175,0.248791815017,9.80579971638,-0.00102944774882,0.000774393586735,0.350084187234
0.41,0.0157919875083,0.258731157359,9.75507699444,0.000307629581987,0.000554533379596,0.350374768167
0.42,-0.0131063944709,0.251575852062,9.802640849,-0.000136187915794,-0.00126939687898,0.349385421366
0.43,-0.0417338944789,0.233237422837,9.80729463892,-0.00149642597886,0.00176812798005,0.34924383956
0.44,-0.0448868536885,0.255619515218,9.81676794204,0.000508535884524,-0.00110071074242,0.350367011517
0.45,-0.0142042011137,0.204708292084,9.84035789989,0.000223679321574,0.000644925905881,0.351212039935
0.46,-0.0238860052151,0.190856143902,9.81140667602,0.00118302061822,0.000825704097163,0.349780073634
0.47,-0.011077797377,0.25457640908,9.82316411904,0.000366958533734,0.00108371716378,0.350030701195
0.48,-0.0015713793944,0.263787887789,9.77922957503,-9.21615909555e-05,-0.000692918025405,0.350562230718
0.49,0.0166125343115,0.260650128225,9.7724605966,-9.63103256922e-05,0.00112611225013,0.349835443125
0.5,-0.00110563211894,0.20871664982,9.82977976307,0.00038629682978,-8.82878085945e-05,0.350746163347
0.51,-0.00438977853949,0.229902444096,9.80632768125,0.000490519324406,-0.000191143199903,0.349991265899
0.52,-0.0135218151301,0.24754317243,9.81621855006,0.000876739978948,0.000718090441178,0.351121382012
0.53,-0.000229593477224,0.254762684681,9.76968744623,-0.000661181600726,2.31672525013e-05,0.349575532535
0.54,0.00375548979165,0.231706295651,9.75914853798,-0.00050199596609,6.14424131326e-05,0.350346843994
0.55,0.00203996389314,0.247266476138,9.81176427591,0.000121482278565,0.000280134742101,0.350465912984
0.56,-0.0195021316451,0.235101590815,9.80300859195,-0.000285248870801,-0.000396995738342,0.351399866597
0.57,0.0227584862359,0.265678444892,9.80791550985,-0.000949825732591,-0.000273145174744,0.348520109293
0.58,0.0142363019136,0.229213752305,9.79765757504,-0.00112175072772,-0.00074331506016,0.349978681424
0.59,0.0255317847801,0.222738597016,9.82662181516,0.00239835572609,-1.6859074003e-05,0.350650829241
0.6,0.00772697333398,0.203652152978,9.82288736269,0.000483852701763,0.000195297142396,0.349779029081
0.61,-0.00247498822392,0.226834470448,9.7998517295,0.000392428304217,0.000283084920789,0.349758508923
0.62,0.0232192837951,0.228420374124,9.78027571134,0.00156425757001,-0.00147603896733,0.348962873019
0.63,0.0180281126051,0.209497262676,9.82448627247,-0.000345673596123,0.000148663664251,0.350325979074
0.64,0.014562916419,0.262601429216,9.78855116718,-0.000713109797786,4.19597153794e-05,0.350431944108
0.65,0.0164647084829,0.265087290378,9.81759831022,-0.000491569577309,-0.000588670240194,0.350533454748
0.66,0.00691168693042,0.250665932377,9.81157787633,-0.000285047543302,-0.000827923145269,0.349794984336
0.67,0.00486850290778,0.229544246873,9.81203867779,0.000755670150755,-5.19588325692e-05,0.350089091674
0.68,0.0267899882859,0.278485760238,9.76921201086,-0.000243373414162,-0.000222768814874,0.350591957387
0.69,0.0310036173149,0.247414189416,9.8020330088,0.000907985946665,0.00155420980264,0.349507703791
0.7,0.0328680774633,0.214771683866,9.76866550009,-0.0024742890533,-0.00123704648663,0.34846219236
0.71,0.00710786054487,0.245066975847,9.8107489032,0.0019291543769,-0.00224927945349,0.350690281182
0.72,0.0025841770471,0.242023589379,9.78111180374,-0.00195488304252,0.00172364871781,0.350226966937
0.73,-0.018564355741,0.241658331866,9.83344920159,-5.13512245147e-06,0.00139382530742,0.349459108615
0.74,0.0052564097249,0.242094201405,9.81468811344,0.000550957845841,0.000821944370076,0.349975201046
0.75,0.00259003011167,0.246888761682,9.82439560442,-0.00177664241866,-0.000306484486727,0.349054278988
0.76,0.0247728137342,0.263688746469,9.82028211174,-0.000971602913994,0.00016064874877,0.350337363715
0.77,-0.0205972555544,0.269965843343,9.78984773544,-8.35064020394e-05,-6.68884080039e-05,0.350703904866
0.78,-0.0153601933332,0.243365838816,9.80323072153,0.000619228021649,0.00085126295284,0.349074831907
0.79,0.000433135816055,0.233104988329,9.82771155174,0.00129923143183,-3.05286716959e-05,0.349918564247
0.8,0.00357518544955,0.240224816596,9.81496231433,-0.000423204974612,-0.00145869572514,0.35179201105
0.81,-0.0190209088499,0.25513610397,9.80389054641,-0.000860178112243,0.00017071566913,0.349125846255
0.82,0.0247698689349,0.213013714863,9.82599094405,0.00191502852394,-0.000159563487868,0.347378065585
0.83,-0.00789723260557,0.294814774125,9.82350145796,-0.000244956982318,0.000746970382102,0.350703184617
0.84,-0.0133847782427,0.237009148044,9.80781041021,0.000621617141514,-0.00125749175524,0.349167353221
0.85,-0.00225621827687,0.274054834423,9.79516314914,0.000923489314813,-0.00148912934174,0.349836532545
0.86,-0.0165874659327,0.225842472558,9.839333881,-0.00122132778529,0.000199018180095,0.349554081676
0.87,0.0155985470695,0.273492142994,9.81071104611,-0.000340850634407,4.26362897844e-05,0.348908783172
0.88,-0.00242836281493,0.232228551673,9.79229440861,-0.000148494439306,-0.000131161121653,0.352436374257
0.89,0.00601781673401,0.248214147312,9.79331225691,0.00273746347377,0.000662334216039,0.351175505617
0.9,0.0106021750321,0.262430211597,9.78036675916,0.000605436115495,0.000811734405503,0.349942026327
0.91,0.00236726711295,0.260422125035,9.7912714322,-0.000858174541115,0.00111681275107,0.350235376331
0.92,-0.00912527581992,0.251873349676,9.78247924075,-0.00116696939017,-0.000874112403069,0.350463597626
0.93,0.0177893942299,0.250597626393,9.793585491,-0.000933155300259,-0.00106570629221,0.351574052706
0.94,-0.0290204684009,0.226995841834,9.80046447749,0.000249614660051,0.000289649484579,0.348953613767
0.95,-0.0374110462577,0.231126577084,9.84966710173,-0.00054088493647,0.00269667524597,0.35154712731
0.96,0.00796582201073,0.274626651122,9.80973357951,8.74175952898e-05,0.000172926350255,0.349030886684
0.97,-0.0201757257698,0.275850878251,9.81230549838,0.000920970078411,8.09746919898e-05,0.350915414917
0.98,-0.050357547281,0.244591886493,9.78732898946,0.00128438315295,-0.000536419584075,0.350424977571
0.99,0.0168821660483,0.267766976068,9.78114778661,0.000398042624051,0.00108036031754,0.348818664296
1,-0.00915385336083,0.257350742821,9.82675055809,-0.00150351244575,-2.87008988195e-05,0.349024142255
1.01,0.00283311010074,0.260450086465,9.80656164927,7.53218760401e-05,-0.00140867211148,0.34929402864
1.02,-0.0309145378526,0.255551764959,9.80303033751,0.00071785577502,0.000875497775552,0.349473429299
1.03,-0.0305102854589,0.23537929135,9.8320729305,-0.000835221974719,-0.000512829852044,0.351702889819
1.04,0.00462524461641,0.228028564854,9.81305512879,-0.00029529473859,-0.000536069092401,0.35014856586
1.05,0.0461284568904,0.270831467517,9.82101591405,-0.000235795243353,0.000351641919566,0.348633576568
1.06,-0.0210219874639,0.221763864534,9.85629559182,-0.00175711924442,0.00171945100505,0.351078899381
1.07,-0.00524992713271,0.214036479331,9.81118947869,-0.000927860215218,-0.000891925497315,0.350563322678
1.08,-0.0224363283302,0.222544940197,9.82440917321,-0.000421039735919,0.00128000793441,0.350552024161
1.09,-0.0178038359449,0.237573216627,9.84020669644,-0.000453379620067,-0.000449996982289,0.351483164647
1.1,0.00354084728522,0.270669629262,9.77380091085,0.000701700181213,-0.000278297623894,0.350982600173
1.11,0.0315999328911,0.234184878924,9.76371780815,-0.00114577096202,-0.000518534090636,0.350468623175
1.12,0.0155931751157,0.23623358507,9.8316435793,0.000383448005875,0.000614531258319,0.348948175055
1.13,0.0181513459854,0.233312404038,9.80842589794,0.00217316957174,0.000117665834901,0.349049195069
1.14,-0.0208396898685,0.247182262633,9.77978562185,-0.000874208244336,0.00204446517864,0.350756511043
1.15,0.015293163173,0.241844435239,9.81558123634,-0.00125550360071,0.0010283943365,0.351827275032
1.16,-0.0203012102079,0.215754207424,9.82401102761,0.00178131088475,-0.000401063871466,0.350254444993
1.17,-0.0145609621223,0.248538415158,9.82211625227,0.0001145203353,0.000552319464936,0.348178369773
1.18,0.0149882723733,0.254217354801,9.78600157795,0.000612928811749,-0.000748368210077,0.348326392072
1.19,0.0267887877996,0.211510085688,9.83857096629,5.191842987e-05,-6.60017391608e-05,0.350838886552
1.2,0.0214983282111,0.248776896517,9.83090316219,0.00118368055014,-0.00179284191876,0.350590957569
1.21,-0.00932379372695,0.25102189563,9.82075337248,0.000174368523894,-0.000831821163476,0.35216181466
1.22,0.0220605536714,0.236356166988,9.778465302,-0.000485888039026,0.00294179647663,0.34899878757
1.23,-0.0111139116286,0.250677911265,9.82579770849,-0.000497858989158,-0.00144756256557,0.34971861324
1.24,0.0155086481442,0.229865787855,9.79261310647,0.000160352488916,-0.00260912430769,0.350673708476
1.25,0.00183916617803,0.242631165523,9.81998528018,0.00022318576416,-0.00112644355111,0.350490110012
1.26,-0.022452353893,0.234835696274,9.80204813782,-0.00138200102628,0.000950402491429,0.347792922648
1.27,0.0291366595247,0.231395796834,9.80398787853,-0.000232023295787,-0.000545851916769,0.349098621639
1.28,-0.029370833779,0.222194460674,9.83207784503,-0.000140191178095,-0.00166972408396,0.349871979337
1.29,0.00326449336319,0.234812222624,9.81670779474,-0.00052392700016,0.000210276227818,0.350904942668
1.3,-0.00598622076031,0.281112955071,9.84202179082,-0.0013445137866,0.000786738827255,0.349251017494
1.31,-0.00170736566051,0.235494531503,9.81085924721,0.000910598612782,-0.00023454457396,0.351754946055
1.32,0.00100582681169,0.246346446287,9.80422819707,0.00134921643984,0.00048035101386,0.350833236462
1.33,0.0069485496193,0.227139176765,9.77558583326,-0.000715326730041,9.35066024529e-05,0.349185900357
1.34,0.0243150680245,0.22434298934,9.80695170868,-2.05566306765e-05,-2.43180515398e-05,0.349027665814
1.35,-0.00743337618715,0.267555227321,9.81909442486,0.00112579352385,-0.000741124529512,0.350380610789
1.36,0.00632234239995,0.215777226873,9.81649794659,0.00134033092478,-0.000360801010771,0.351371455934
1.37,-0.00880981120106,0.234624942354,9.81313782659,-0.000134983692405,-4.28017887311e-06,0.349996361235
1.38,0.00371805711328,0.266233314094,9.80421673901,0.00046983866619,-0.00167602432211,0.350995761708
1.39,0.00515366496248,0.250666745029,9.82158001671,-0.00165081298571,-9.4787055273e-05,0.350144364876
1.4,-0.00564506390277,0.206742727867,9.82597445919,-0.00184832549076,0.000487626896429,0.349799553017
1.41,-0.0222196432535,0.255289355231,9.80786909677,0.00207475813541,0.00081520333498,0.348935841754
1.42,0.00129373192129,0.22601020626,9.77458796212,4.19804598532e-05,0.000724006951354,0.350614583076
1.43,-0.0371344639557,0.272301077815,9.82368644121,-0.00206435874911,0.000654220690413,0.350857990759
1.44,0.0276515289051,0.23336083125,9.79246932309,-0.000238544964349,0.000414758097717,0.350142799591
1.45,0.00572684138699,0.26151420842,9.80695425928,-0.000165016853107,-8.79116361777e-05,0.350711797676
1.46,-0.0288621652159,0.238379199854,9.81280773015,-0.000931383770179,-0.000457918663071,0.349581544571
1.47,0.0142532901898,0.269725764439,9.81518629654,0.00223157043729,-0.00102725471514,0.35028000336
1.48,0.0301188398194,0.262382294812,9.80780892137,-0.000916511774272,-0.000436160036043,0.349947336956
1.49,-0.00831744194919,0.214827218311,9.82228396371,-0.000178851830863,-0.000119667882754,0.350478197619
1.5,-0.011322405151,0.236110179248,9.8204820596,0.000783224946667,-0.000109991542837,0.349435455262
1.51,-0.00945124973748,0.220189741561,9.83159506244,0.000466855396425,0.00181753426727,0.351369858835
1.52,0.0155206783929,0.281504006793,9.82602315601,-0.000708623748777,-0.00104159053083,0.347830049371
1.53,0.00139288668047,0.210019101379,9.80220573711,6.525720357e-05,0.000265909329979,0.350435138985
1.54,0.00992544188561,0.252891706644,9.78400024879,0.000727532695685,0.000656167083543,0.348812425939
1.55,-0.0136644110759,0.257910510538,9.8098390754,-0.00102853183271,0.000125956905277,0.350373749951
1.56,-0.00309318542588,0.25563179611,9.82430721347,0.000990264883032,-0.000540613037205,0.350036074832
1.57,0.0207184620388,0.276516332513,9.79909956526,0.00050806156918,-8.86152053709e-05,0.349854031295
1.58,-0.00989502431595,0.208202502408,9.81093999249,-0.000561194928504,0.000184914530952,0.349618357342
1.59,0.00646245802645,0.249988854515,9.82450009216,-0.000458485802179,0.00199324089774,0.350794310033
1.6,0.00397971179766,0.269119230358,9.78715888334,-0.00101259925158,-0.000651518637764,0.349961852655
1.61,-0.0382695528878,0.232327568908,9.80538883779,-0.000345833190242,0.000251787517882,0.348139748891
1.62,0.0141849054662,0.23534435492,9.79837142163,-0.000335482829309,-0.00110055443487,0.348624648763
1.63,-0.0202007122077,0.239359062764,9.76233479224,-0.000392119975856,-0.000895019935549,0.350214239319
1.64,-0.00858082748727,0.219445922043,9.85201869791,-0.00170087469599,-0.00108905239072,0.34955045826
1.65,-0.00563678357691,0.265089629072,9.82637491406,0.000115220217064,0.00047395840892,0.349434429083
1.66,-0.00720197294196,0.24589936636,9.81911421102,-0.000142248737852,0.000173240723203,0.348655691559
1.67,-0.00580210115829,0.258907508095,9.78038841603,-0.00123619505652,-0.000390023516853,0.349957999508
1.68,0.0126811261341,0.212967151857,9.77164608661,-0.000431211492237,-0.000361072982403,0.35102018506
1.69,-0.0110574941877,0.208141038681,9.82302578476,-0.000821306584952,-0.00130730439569,0.35181413141
1.7,0.000103218951265,0.28251694457,9.80224657287,-0.000193816821261,0.000765673416009,0.348833796996
1.71,-0.00959754279385,0.257489949263,9.83778519668,-0.000569475352059,-0.000186806554615,0.350808652259
1.72,0.000207744106031,0.216702365427,9.80727242421,0.000372067694172,0.00197808785863,0.349951690128
1.73,0.0284294216819,0.220885703288,9.83312325277,-0.00161747727245,-0.000299734245141,0.350013603253
1.74,-0.0058789713715,0.252640300069,9.7839482187,-0.000421105411747,0.00135766020656,0.350067874332
1.75,-0.0231482440623,0.268786384964,9.79443306392,0.00180529903571,-0.00149068455154,0.34992284078
1.76,0.00118864525988,0.237707605443,9.79979166138,-0.000455154143287,0.000675905944466,0.351096565175
1.77,0.00422416882392,0.266888215568,9.80266901866,0.00154650640827,0.000382456958234,0.350355943327
1.78,-0.020175511875,0.249318373458,9.80601742418,-0.000512916771114,-0.000735009360268,0.349554339882
1.79,0.0222629022805,0.23286612176,9.79868195269,0.000355630779504,0.00101967828565,0.350274190191
1.8,-0.0124331339011,0.233805119359,9.81872863429,-0.00020964484949,0.00120757939859,0.349958856806
1.81,-0.0342480062224,0.245716026549,9.82038692307,-0.000983074193722,0.000524543837681,0.350531082655
1.82,0.0029413429055,0.262001692054,9.81578389363,0.0020824029799,-0.000207531255632,0.349434000624
1.83,-0.0115072550846,0.214089685285,9.80472931845,0.000463437766876,0.00029441116058,0.350671962184
1.84,-0.0115725939834,0.280707993146,9.81383457206,-7.95729208762e-05,-0.000815103465234,0.351124119568
1.85,-0.00677324375963,0.297157738428,9.81398809302,-0.000652815132584,-0.000393996902468,0.350190355175
1.86,0.00119794555656,0.256211326791,9.79054121281,-0.00121988120816,-0.00202534021174,0.349676371626
1.87,-0.00577308083429,0.272811490651,9.84142172421,0.000159134358326,-0.000344513637228,0.349793204726
1.88,-0.00395493390313,0.237567377791,9.82616049894,0.000326782124098,0.00172683772966,0.349881432328
1.89,-0.0206306323038,0.253702755479,9.77445483573,0.000148155492099,0.000342020036196,0.350751571811
1.9,-0.0132393975541,0.251082339746,9.8128722343,0.000123517583922,0.000991687729203,0.350119101413
1.91,0.0148373894498,0.2293287168,9.79822161803,0.00155562815007,-0.000270134440236,0.351589658433
1.92,-0.00868834909921,0.241598611298,9.83347825811,0.00070165835731,1.15490159739e-05,0.349650669001
1.93,-0.000162106344013,0.251597602157,9.80673060237,-0.00013243611933,0.00113866992454,0.349579898658
1.94,0.0249899319893,0.218886854222,9.84644008749,-0.00059091770845,0.00120624525343,0.351660351304
1.95,-0.0141974163704,0.261908249731,9.8044629087,-0.00275661901877,0.000283146210305,0.349326419987
1.96,-0.00559817250064,0.198141721507,9.80657319467,0.000170530541322,-0.000371242154611,0.350136947436
1.97,0.0115646377163,0.229969016586,9.80655494873,0.000144439070712,-0.000977497771978,0.349557912479
1.98,-0.010235045821,0.256340509212,9.81468454428,0.00123092622153,0.000537208005454,0.351596305833
1.99,0.00217433439032,0.256105665164,9.79154368644,0.000887043228985,0.00142066757594,0.348017046813
2,-0.00386252325264,0.245431439496,9.79929271533,-0.00101151077004,0.000496388357804,0.351154570712
2.01,0.0211978873719,0.2277817079,9.82019121632,-0.000658716638955,0.00218124091643,0.349975091253
2.02,-0.00180724385733,0.272945370103,9.83288054515,-0.000539375683565,-0.000398641428972,0.349812844798
2.03,0.01216696048,0.264086933065,9.82109459334,0.000360966771652,-0.00109782728371,0.353055797759
2.04,-0.0134121100956,0.246217240199,9.79347153111,-0.000411994034218,0.00215194117978,0.349570223969
2.05,0.00181912214569,0.264333043102,9.77894224606,-0.000412769597168,-0.000356858252771,0.348290618025
2.06,-0.00389237220438,0.255081936182,9.82572216165,-0.00131317454319,0.000939728217219,0.349680724515
2.07,-0.0626812360295,0.232773576749,9.82250869856,-0.000767838071385,-2.46618859196e-05,0.350287005237
2.08,0.0108416716978,0.197152608381,9.80872847605,0.000480731063986,-0.000570083049271,0.350349564125
2.09,0.00810779681947,0.254705269919,9.81636585028,0.00185887994224,0.00090048566344,0.350025921161
2.1,-0.018985815424,0.240369722898,9.83351739885,-0.000965299562165,-0.00142885843708,0.349050165425
2.11,-0.000881289547277,0.230626422372,9.82171178736,0.000631602620867,0.000467087749297,0.351130999832
2.12,0.00311117640936,0.209765641625,9.79870689793,-0.00112135581566,0.0019574950912,0.351384124564
2.13,0.0266018634682,0.266608502465,9.79672984216,-1.42572068897e-05,0.000336686517064,0.351042772731
2.14,0.013360200954,0.269070836523,9.82834536228,0.00291491616876,-0.00107121646155,0.35077376095
2.15,-0.00656417551103,0.248050427269,9.80460298051,0.00152190090307,-3.76125875794e-05,0.349840216023
2.16,0.00827429597775,0.267041229737,9.80078129418,0.000861734516328,-0.000590086806063,0.350766344647
2.17,0.0110957310977,0.241907703051,9.81402414579,0.00187491989399,-0.000443444578393,0.347715013312
2.18,-0.0207409774488,0.244350779086,9.82382450331,3.28018370954e-05,0.00140352544186,0.35101788917
2.19,0.000462076743422,0.24947800953,9.8219820344,0.000960394975002,0.000474230670967,0.350124864727
2.2,-0.0324455315229,0.259814252229,9.7973681239,-0.0012853124793,-6.72920628788e-05,0.349518223711
2.21,0.0361290579313,0.266802464167,9.79343570041,-0.0009526103514,0.000509351206136,0.349842535808
2.22,-0.0355635612192,0.215015043261,9.81894585227,0.00100312107253,0.00015353455819,0.350768792891
2.23,0.0153353258326,0.254719343633,9.82735319532,-0.000513605541583,0.000592137265937,0.350301264733
2.24,-0.00608924077577,0.252041032722,9.8540448258,-0.00152156537845,0.000846659040265,0.351071041595
2.25,0.00977952468661,0.275413612847,9.82311808118,-0.000857065170391,-0.00045077188854,0.350260040543
2.26,0.0138104991589,0.238313790724,9.80157620321,0.000887400975993,2.37717088939e-05,0.350806628565
2.27,-0.0383108168969,0.260485293052,9.80862816786,0.000778966285604,-0.00054425144616,0.351040293871
2.28,-0.0226667708454,0.230096649885,9.7899638934,0.00126508035516,-0.000823759414332,0.349326946592
2.29,0.00392435496299,0.250217871079,9.81726345655,-0.00064432274527,0.000147109916427,0.35076076274
2.3,0.00297625133665,0.22500333311,9.80392469454,0.00131431415326,-0.00144000232139,0.351227481788
2.31,-0.0205712241061,0.242292991637,9.80982428711,-0.00104481762368,0.00249904486417,0.350671159947
2.32,0.00292840110528,0.268476980464,9.80325761112,-0.000249094497133,0.000844212143897,0.350564020502
2.33,0.00975571772146,0.263286807616,9.77202747658,-0.000457846638327,0.000573326638212,0.348433006301
2.34,0.0170851202506,0.260142115603,9.8220701264,0.000515241858681,-0.00210319568412,0.350317558791
2.35,-0.0164805966343,0.235768690188,9.81055675465,-0.00127818665032,0.00193252582138,0.347203506436
2.36,-0.00165056893238,0.250560352062,9.80346259984,-0.000369275809608,6.68996219945e-05,0.35137351036
2.37,0.00950939415955,0.244237672404,9.82451819298,-0.00111638437979,0.00228628596329,0.350602101953
2.38,-0.000773035617636,0.252604074306,9.81158550486,0.000173136608257,0.000467484830365,0.347552479761
2.39,-0.00121222190912,0.247747693134,9.82614680604,0.000324816830821,-0.000940180049521,0.350839103821
2.4,-0.038770077432,0.250057384789,9.84352710908,-0.000733127013835,-0.000594762909555,0.350218477958
2.41,-0.0185821124242,0.239825728593,9.80573486482,-0.000550243675293,0.00133471436127,0.350975664932
2.42,0.00980365115972,0.26987931521,9.83508495065,-0.000424691170654,0.00119310165265,0.348494567139
2.43,0.00504653319374,0.241355626557,9.78991538288,0.00121332896428,0.00104830214147,0.348985611927
2.44,0.0202078330367,0.268164052562,9.82451722276,0.000162344962916,0.00189332510016,0.348444897263
2.45,0.021413100928,0.241497004415,9.79695377099,0.00068184671773,0.00042307589267,0.349814144794
2.46,0.00242766276163,0.227344024318,9.79598113355,-0.00178730188178,-7.54787391985e-05,0.35228218425
2.47,0.00606415707193,0.242453710452,9.8180626696,-0.000290626612412,0.000530458485166,0.349459887532
2.48,0.0259354043083,0.234606971057,9.79905979954,-0.000751137345977,0.000522876928233,0.349596679349
2.49,-0.00279467690453,0.255618043982,9.80916150564,0.00131763489332,-0.00153479884559,0.350736405938
2.5,0.0266051147482,0.298761333101,9.78203791424,-0.000255480780015,0.000554178958378,0.350428634259
2.51,-0.0377107920273,0.224264540053,9.77006358815,0.00135373302212,-0.00118402624983,0.349957273491
2.52,0.00395801990567,0.214775369059,9.78241134443,0.00040581784344,0.000351400492253,0.351500893953
2.53,-0.0123709857318,0.219923327166,9.80675834426,0.00015909244883,0.00152564640078,0.349837101029
2.54,-0.0258627766768,0.263281974854,9.79810191698,0.000967050086407,0.00217966107995,0.348143559044
2.55,-0.0205119281812,0.262866967847,9.79999942347,0.00152454566071,0.00190007776568,0.351970639963
2.56,-0.0395328457399,0.242634188921,9.77829447346,-0.00112275028795,-0.000971991754861,0.350515476979
2.57,-0.0123564062648,0.248740980169,9.84109876267,0.000456224645845,0.000448388954345,0.349654901099
2.58,-0.0366467950883,0.254271787373,9.76846793023,0.000169395857247,-1.22768217796e-05,0.349924247611
2.59,0.0259050618502,0.267688320814,9.77929942422,0.000886592299566,0.000486056413803,0.350439088802
2.6,0.0199386912579,0.228043989227,9.78441296205,-0.000499413126898,0.000160683108926,0.349474750082
2.61,0.00398831591143,0.266427622549,9.78639404469,0.00173536187224,-0.000134579731557,0.349969248284
2.62,0.0600636187627,0.218648047869,9.82360495864,-0.000324781054709,0.000987806245894,0.351135758689
2.63,0.0129622880054,0.229871500437,9.80568648158,-0.000861025385324,0.000383433370502,0.348822478802
2.64,0.0150730998082,0.259013041746,9.81561016065,-0.000833934163056,-0.000690486643072,0.348924424
2.65,0.0172772387262,0.229617316213,9.78817852319,7.37193261756e-05,0.00100066916487,0.349451299736
2.66,-0.0410309922953,0.272296822176,9.79960805977,8.3221683037e-05,0.000513657307961,0.34944408244
2.67,-0.00288382327463,0.233928141203,9.85203651008,0.000128208953536,-0.00249892964625,0.349930129703
2.68,-0.0031732761525,0.223211725999,9.80852167088,0.00108801312081,-0.000655647989746,0.35005999918
2.69,0.0256104476281,0.210371701075,9.82473693579,0.000885342842583,0.00131458987333,0.351174658572
2.7,-0.0140000069268,0.244672722489,9.80759407261,7.75241246704e-05,0.000270160895002,0.350939913446
2.71,-0.0064598053556,0.252350047866,9.81300235299,-0.00190321388806,-0.0010971910929,0.350341046547
2.72,0.0100367737655,0.252809034242,9.80928590026,0.000536713322892,0.000336508617648,0.350052430134
2.73,0.0400033188725,0.236999786064,9.80660709423,0.000377722497899,0.00189765090272,0.3502821417
2.74,0.00319131801062,0.230781721606,9.78438689135,6.82212591752e-05,-0.000698032916113,0.349589442457
2.75,0.0334987997028,0.269450977213,9.80902216797,0.000153407409007,-0.00141192793428,0.349453688911
2.76,-0.00412050313674,0.247040813196,9.77933042784,-0.00142458332097,-0.000885316609823,0.350038286921
2.77,-0.00278095959673,0.251250046693,9.79919843213,-0.00138317180906,-0.000450767658347,0.352554794912
2.78,0.0219917152836,0.265685620044,9.79135413305,-0.00118609977956,-0.000235813953387,0.350598185642
2.79,-0.00809355514745,0.257773095818,9.80022658299,0.000830578027981,-2.54695868173e-05,0.351283650632
2.8,0.0089536521418,0.249873896339,9.80839904351,0.000917050203376,-0.000675643340539,0.349588497601
2.81,-0.0249518679344,0.249531668881,9.81954487263,-0.000389976758842,0.001205933297,0.349332142499
2.82,-0.0137035583854,0.242299003703,9.82164905753,0.00117362302571,-0.000459967734887,0.351001362316
2.83,-0.0415879305451,0.247281978867,9.80676608586,0.00248006018952,0.001171808034,0.350304169952
2.84,0.0256143676703,0.244939023396,9.81209789836,0.00126737567208,0.0015043183342,0.348804916449
2.85,0.0145175218506,0.290322314573,9.8067624242,0.000755718043188,0.000877250246319,0.34969841177
2.86,0.0113388309659,0.253415607934,9.79128388692,0.000732987385627,0.000965147412051,0.350224758806
2.87,-0.0237622910763,0.269122437695,9.82036558462,-0.00106899123016,0.00215305721054,0.350524218276
2.88,-0.0076705430998,0.269760165491,9.81356377219,5.16668519629e-05,-0.00113001325858,0.349603712797
2.89,0.0331451901611,0.272825297714,9.81031645788,-0.000745173832205,0.00233448016607,0.348673818391
2.9,0.0418220385375,0.251213814823,9.80602520848,-3.27998829245e-05,0.000503123446462,0.351282945787
2.91,0.00472337950081,0.228083180838,9.80967401764,0.000212093416725,-0.000494636656776,0.348894962623
2.92,-0.0266117304947,0.247108687743,9.81882979659,0.000448462347071,-0.00121250427831,0.34860435467
2.93,-0.0155818441721,0.266189989416,9.8007887932,0.00117791005056,-0.000248203408051,0.349644293165
2.94,0.00139976009849,0.25456143446,9.81091610798,-0.000970347388337,0.00110701683647,0.350483603969
2.95,-0.00995042097532,0.242705678673,9.82384482969,0.00036940241642,0.000423127408166,0.347919502834
2.96,-0.00951094694719,0.21488991641,9.79056356183,-0.000319105749264,-0.0009566650213,0.350374740953
2.97,0.0377885229518,0.236815222769,9.81826895347,0.000201558449305,6.58249151194e-05,0.350742502113
2.98,-0.0283732709729,0.221773521797,9.78325510242,-0.000216423991252,0.000269126246008,0.349124009003
2.99,-0.00342209170014,0.256897117292,9.80112989303,-0.00144178073224,-0.000317456278931,0.351772175413
3,-0.0406650602993,0.253073223757,9.77371150833,0.000551429440708,-0.0010490387543,0.349025072091
3.01,-0.0051149560447,0.25667381097,9.80843937532,-0.000493293883534,0.00195916160344,0.349026396921
3.02,-0.00733716144434,0.223729013696,9.81574621878,-0.000751252190121,-6.61991064067e-05,0.349721617677
3.03,0.00734471051394,0.281707428565,9.84391222174,-0.000637267718465,0.00229599427623,0.348857385876
3.04,0.0037422777027,0.23097841659,9.81671599611,-0.000235346565966,0.000563776157946,0.349320987246
3.05,-0.0224589709857,0.251445230961,9.79548120054,0.000808401041707,-0.00222993493069,0.351178513366
3.06,-0.00999565719701,0.268499910487,9.82691936515,0.000582458062832,0.00056731405252,0.351349496464
3.07,-0.024292107566,0.2223407196,9.83134407487,0.000250364682494,-0.000131235182372,0.348750962834
3.08,3.16922701914e-05,0.243238878134,9.84969059655,-0.00048080900137,-0.000412211074065,0.350050019796
3.09,0.00175574529947,0.231667134847,9.83302331912,0.00028198523238,-0.00115775695483,0.349211039078
3.1,0.0119753573479,0.237072626312,9.8276262173,0.000349652707077,0.000230436006295,0.348276437709
3.11,0.0137957798509,0.256144991212,9.794594577,-0.000361088763334,0.00137282027434,0.350594433074
3.12,-0.0323038312767,0.219911496608,9.81780977908,0.00069374443054,0.000596921068959,0.350570256636
3.13,-0.00257264976314,0.255886634277,9.79284897189,0.00133123910652,-0.000241566926392,0.349406823942
3.14,-0.0322747877038,0.257391795824,9.82052120029,-0.000595847686722,-0.000495817297471,0.35107113361
3.15,-0.0116603397093,0.237239335341,9.85127312334,0.001695751404,0.00124724722748,0.350868091416
3.16,-0.0158532926505,0.26106920876,9.78182847802,0.0011234452692,-0.00130438595611,0.35047145315
3.17,0.0149755081177,0.243785399808,9.79729232969,0.000396670255606,0.000355076046774,0.347755222338
3.18,0.00557296079672,0.250276486016,9.82487549136,-0.000789631065062,0.000833543652372,0.350082456888
3.19,0.0285459343647,0.260980927657,9.82104656368,-0.000884757721124,0.00094007718631,0.351364990534
3.2,0.0103298254907,0.232084811932,9.82865763484,0.00067274293122,-0.000310583606285,0.350253669806
3.21,0.017778020799,0.228323833587,9.79423335244,-0.00140784937455,-3.34466637291e-05,0.349870433132
3.22,0.013786543422,0.215095830124,9.84793669622,-0.00169525550772,0.000684645693685,0.350571742866
3.23,0.0104818208927,0.227137479761,9.79566098103,-0.00138854274749,0.000376653068597,0.350729485082
3.24,-0.00235402996945,0.233089332041,9.79116302543,-0.000620114791838,0.000480685681962,0.349357163502
3.25,0.00532755836011,0.239602250916,9.8012975684,0.000888049364871,-0.000150373125902,0.349952905601
3.26,-0.0231552986111,0.234919134645,9.79972755418,0.000794469486565,0.000418816610088,0.351326434236
3.27,-0.0315466615676,0.228245903727,9.81924148935,0.00020274909574,0.00137129542379,0.350731152815
3.28,0.00577317150397,0.255697321373,9.79871972888,-0.00139148485255,0.00011200085815,0.350166181726
3.29,-0.00689426705147,0.256156045113,9.79943872578,0.00139320670992,-0.000859736578132,0.348898267094
3.3,-0.00598564127679,0.251537423073,9.82280116493,-0.00144519841346,0.00138941369115,0.35093767489
3.31,0.0111606826026,0.237286314807,9.80806872001,-0.000444369676297,0.00177694447307,0.349453002922
3.32,-0.0110316258309,0.248133158639,9.8124647574,-0.000361364534085,0.00218105130038,0.349551135777
3.33,-0.00354946141713,0.239136687836,9.79880428266,0.00057850767816,-0.00117881562485,0.350878093836
3.34,-0.0103958976565,0.236095920413,9.75715824934,-0.000255873731446,-0.000222883629456,0.349258401098
3.35,-0.00130404189538,0.247958646192,9.81801772359,-0.000755827298042,-0.00265596541421,0.34893301586
3.36,0.0171336185601,0.28123811688,9.79681882901,-0.000689383822177,-5.49552003106e-05,0.351003531954
3.37,-0.03638114554,0.277554335906,9.82646782756,0.000365428778738,0.0010807683347,0.351405018991
3.38,0.00979077433255,0.258064391363,9.79400494809,-7.25247813969e-06,0.00112758287774,0.34811252663
3.39,-0.0178049583093,0.282276190742,9.80621256101,0.000230194008206,0.000214829130904,0.349348445068
3.4,0.00571148586927,0.220955153141,9.83817804594,-0.000578538670253,0.000787569581993,0.349751939202
3.41,0.00823791895084,0.256343156317,9.80914552742,-0.000792180183878,-0.000306818755891,0.350602534069
3.42,-0.00250169866129,0.235661157355,9.79480829323,0.000519551251196,0.0015987137685,0.34981601617
3.43,0.00277064058303,0.270871404051,9.83379069348,-0.00133186656529,-0.00181796587047,0.349879662592
3.44,-0.0324237600095,0.241830886497,9.81760643982,-0.000483079202764,-0.000686993921985,0.350068723329
3.45,0.0384230381797,0.226896876831,9.85800866805,-0.00086289911025,0.000816762289533,0.350666636676
3.46,-0.00343135589406,0.262385854064,9.83286842541,0.000350928964178,-0.00113768225958,0.350513239727
3.47,0.000733221862193,0.206658227908,9.81770088968,0.0018150722126,0.000275646157367,0.349393929263
3.48,0.0392842460334,0.290440923084,9.82172687391,-0.000464859391589,-0.000939085971718,0.349108793073
3.49,-0.0385269581399,0.245384823265,9.82241838294,-0.000145629501386,0.000895658621421,0.348860852109
3.5,-0.0197322658434,0.248530969376,9.79354282958,0.000517386201738,4.52833332753e-05,0.350339333579
3.51,-0.00539720650617,0.274963257344,9.82742545921,0.000547049232357,-0.000968749502567,0.349378033365
3.52,-0.00504510436958,0.23895520758,9.78635733853,0.000282735589635,-0.00228769129688,0.350078930453
3.53,-0.00338022970521,0.227937814956,9.79000922741,0.00113931487844,-0.00156101975824,0.349306931652
3.54,0.0338566164796,0.263947415428,9.80426101142,0.000949820695497,0.000544537096988,0.350785244292
3.55,-0.00622827442845,0.249920377043,9.82515077281,-8.48485057472e-05,-0.000798335444693,0.349234534835
3.56,-0.0134335250926,0.26444530903,9.81717763957,0.000573461624549,0.00212333298703,0.348729827779
3.57,-0.0112731417469,0.203763408783,9.81902694272,0.00092651904088,-0.00131547049673,0.349220512788
3.58,0.00696880195862,0.241106961876,9.77564809256,-0.000514230197182,0.00126476151469,0.348863374174
3.59,0.0125648143341,0.258452920569,9.77110965706,-0.000200781033709,0.000188423009636,0.349725942161
3.6,-0.0163720292764,0.196020059053,9.79905058473,-0.00178329534994,0.000932432085138,0.349335254376
3.61,-0.00843606340918,0.274226047988,9.80504855955,-0.00198165450787,-0.000831755054356,0.34921727381
3.62,-8.29549836954e-05,0.258797024075,9.81181801712,0.000890464190342,0.00123354540471,0.351196887159
3.63,0.00808226179418,0.256685136201,9.7996057105,-0.000289728870503,-0.00230416649113,0.349996328256
3.64,-0.00962477659344,0.249578466342,9.82747684628,-0.0025256723986,-0.000871867637304,0.349839252013
3.65,0.0121375922406,0.249921786501,9.7929957872,0.000275022482041,0.000209956441584,0.3484353937
3.66,-0.0444297764424,0.269826686632,9.82761705149,0.000512508253,-0.000280312394184,0.350406407507
3.67,-0.0580847290178,0.222183234692,9.78053007979,-0.000534884980918,-7.03057521677e-05,0.348707019817
3.68,-0.0153980203382,0.230318363353,9.86364512747,0.000725195785116,0.000415524855109,0.349507161628
3.69,-0.0194842490384,0.26181768822,9.7804077185,0.000799468807391,0.00167700467061,0.34865840839
3.7,-0.0168641040648,0.230413612878,9.81172086186,0.000339127903509,0.00126582355989,0.349778807487
3.71,-0.0380964631516,0.245695435274,9.78632074524,4.15395356144e-05,0.000154385074008,0.350533952696
3.72,0.0371257471641,0.276963980881,9.81551659723,-0.000642166480542,-0.000165298596958,0.349145833907
3.73,0.0516746668144,0.265971751899,9.83733976722,-0.000216870212652,-0.00220355326967,0.350578237625
3.74,0.0144480545382,0.243096451985,9.81121614326,0.000562254804351,0.000598322766201,0.349690688086
3.75,-0.00781917882149,0.282171871986,9.79495491929,0.000809090315443,-0.00040650954023,0.350908037966
3.76,-0.0154395927411,0.249841480642,9.79466005557,0.00103045993726,-0.000610613018943,0.350860604128
3.77,0.000348214946425,0.252625572167,9.81752075787,0.000919239761567,0.000289039936335,0.350026333953
3.78,-0.0184748439974,0.212391391352,9.81514548364,0.000434049542543,0.00143148159173,0.34866943909
3.79,0.0180701847622,0.255886748214,9.76908355776,0.0014522990939,0.000210615797092,0.349101858885
3.8,0.0170468022672,0.261788141813,9.82038643373,0.00110627767106,-0.00136602341043,0.350018206601
3.81,-0.00750503835288,0.243231098026,9.84626867317,-0.00165128653585,0.00118511716107,0.35011065033
3.82,-0.0156815389293,0.271947693714,9.78640785295,0.00185722309899,-0.000854272877999,0.350937156535
3.83,-0.0202177150113,0.270724532136,9.83041365281,-0.000690037788344,-0.000738825106115,0.351196243534
3.84,-0.00169293776351,0.192514556159,9.84742620771,0.000509158391029,-0.000881173354659,0.349702133682
3.85,-0.0216291973848,0.241485155486,9.792146239,-0.00107052275484,0.0010769352537,0.352188059975
3.86,0.00925793681215,0.2213089066,9.81274499009,-0.000137757986389,0.000684892131421,0.350343122244
3.87,-0.00653445772697,0.221374286828,9.81422046129,-0.0014016920076,0.000711733780832,0.350152541302
3.88,0.0298556259186,0.226396112632,9.83392759485,0.000112635837793,0.00112594816686,0.349296465402
3.89,0.0069017491465,0.252240966308,9.78675808881,0.000368811361454,-0.000323207421288,0.349027718678
3.9,0.00554382175175,0.260064490573,9.83343779279,0.000673447708921,0.00210236900138,0.349999393784
3.91,0.0181210337444,0.284974179205,9.85970890592,0.000103194500181,0.000466217301137,0.350145195849
3.92,-0.0302751420737,0.21890004136,9.79065258512,0.000672664443261,-0.000852779762747,0.348578645697
3.93,0.0315018313433,0.245621796426,9.80627553295,0.00109187865499,-2.97264470273e-06,0.350771337949
3.94,-0.00204802876554,0.264093695064,9.82323226906,0.00107340368359,0.000416973059922,0.349559724686
3.95,0.021706707788,0.262249511538,9.81070780864,0.00165192846426,-0.000967726885269,0.350771836038
3.96,-0.00472104388122,0.258194255053,9.82083997104,0.000990541742247,-9.06393211739e-05,0.351587439265
3.97,-0.0249478905994,0.225731089916,9.8276037934,0.00223333416955,-0.00165040183677,0.349065037048
3.98,0.00678432293022,0.274467879954,9.81012442078,-0.000446439176042,-4.04973460759e-05,0.349129381742
3.99,0.0181739471076,0.235543087199,9.79146945033,0.000372293589854,0.00177427433289,0.348118001434
4,-0.0309585450279,0.266381522488,9.78148821483,-0.000823182514014,-0.000756438954037,0.350328227738
4.01,0.00899195024918,0.255367525852,9.7915677443,0.00179539226922,-0.00129683033035,0.349956092048
4.02,0.0140832706503,0.240118309872,9.79256879637,-0.000354633727231,-0.00129757698331,0.350940061605
4.03,0.0201369822163,0.258037549864,9.83041075402,-0.000927352852042,0.000561962688053,0.350166309487
4.04,0.0285497178589,0.23374217046,9.81357357884,-0.000613592787268,-0.000343174123918,0.350664986544
4.05,0.0121816687816,0.244844580505,9.79258368905,0.000770519373831,0.00119297824421,0.348519204177
4.06,-0.0138669293853,0.26626618536,9.75920667967,0.00113787507712,-0.00194422829648,0.348641614817
4.07,-0.0114721816557,0.249706212707,9.78939771195,-0.000396179542068,0.000250631551794,0.349938861024
4.08,-0.0100734331926,0.25469869288,9.80696993663,0.000182580544868,-0.00062860526848,0.349517679021
4.09,-0.0273738201557,0.227723915758,9.78501706371,-0.000759734536371,0.000855911408846,0.349774393948
4.1,-0.0333601601582,0.247804304056,9.85289828484,0.0018175980245,0.0002066316984,0.349653465681
4.11,0.0354012832749,0.252541934447,9.8018592074,0.00154970179178,-0.0014164354293,0.349548450206
4.12,-0.0111740827956,0.24258403847,9.79986869712,0.000540676700583,0.000284283696534,0.348648473834
4.13,-0.0409611444309,0.237646966261,9.84114054709,-0.000785032616603,-0.000640161370063,0.350405256383
4.14,0.00323610617228,0.255685987667,9.83305606913,0.00113906734234,-0.000328321705256,0.350648176538
4.15,-0.0116737079648,0.258655310986,9.79169493607,-0.00178171552412,5.52946360728e-05,0.350286652453
4.16,0.0015793270067,0.266808025784,9.79770555642,-0.00177194220224,-0.00123536570174,0.349375040176
4.17,0.0341517246274,0.224157211632,9.80829926051,0.000549295023623,-0.00066112633026,0.350309917054
4.18,-0.000282338791762,0.237331559831,9.81678734531,0.000511605372931,-0.00121312583404,0.349315605162
4.19,-0.00847184264475,0.212551264299,9.82703736998,0.000183414496787,0.000119699407182,0.347869683964
4.2,-0.00341698496949,0.26863081347,9.78798847332,-0.000358170198175,0.00129625358538,0.351187229119
4.21,0.0261532250741,0.259602736157,9.79792969887,-0.00188465061564,0.000710469603323,0.350082135561
4.22,0.012871573108,0.256378350977,9.82815810668,1.66754401292e-05,-0.000708201028301,0.349785721048
4.23,0.0249133889221,0.226807887725,9.84038860704,0.00172093753559,-0.00110740521589,0.349198252019
4.24,0.0204538613078,0.225187700184,9.81407031428,-0.000656662834015,0.001870089967,0.347997241799
4.25,0.00634789162496,0.200829581979,9.82026306359,-0.000153952021446,-0.000686893647103,0.351742286743
4.26,0.0263071404592,0.242213741446,9.82205107112,-0.00163374850925,-0.000362823684765,0.350226139795
4.27,-0.0048795113652,0.228237969335,9.86243368682,0.000414185208156,-0.000437895280701,0.348867323737
4.28,-0.00637585232945,0.248850566235,9.80070348791,0.000528928713333,6.9954776954e-05,0.350605721565
4.29,0.00754673663289,0.284462190114,9.79485632206,0.00188178980107,0.000610969043843,0.349746492537
4.3,0.0248442737109,0.250772680864,9.83609560863,0.000403930442661,-0.00108290167424,0.351963478258
4.31,0.0272809875104,0.249105129147,9.80192599376,0.000556424654303,0.000961097434282,0.35181529175
4.32,0.0246206533106,0.260360808071,9.83751867627,-0.000897544670016,-0.00120444116018,0.350109372602
4.33,0.00378325113835,0.216547090482,9.82140467777,-0.00220187132034,0.00101119595253,0.349356287707
4.34,-0.00310338830423,0.307897618984,9.8112498346,-0.00175991137395,-0.000579376389702,0.349774034635
4.35,0.0217184706586,0.282139637666,9.79539786274,0.00104761585132,-1.62399078365e-05,0.350160493294
4.36,-0.0370810274414,0.307335888179,9.79112329687,2.57021705321e-05,0.000684555064153,0.349600704047
4.37,0.00331534102377,0.228084289527,9.82938515309,-0.000244807253083,0.000691819539573,0.350813029259
4.38,-0.0427609020859,0.221595230533,9.82998603686,-0.000662709072721,0.00136821279075,0.349713433845
4.39,-0.00230618051698,0.245883643686,9.7731293908,-0.000648609239425,-0.000279175407012,0.349675561704
4.4,-0.00265059929445,0.214596765982,9.82257688644,-0.000758641248316,0.000545898282434,0.350647415518
4.41,-0.0145391129564,0.261977173459,9.80648079183,0.00031272952103,-0.0024314231183,0.34976784087
4.42,-0.0260656579403,0.26628656039,9.80475371575,0.00109185897084,0.00113970872838,0.349962340518
4.43,0.0129152290537,0.262131838642,9.79484668262,-0.000570543729045,-0.000120952694961,0.348847859466
4.44,-0.00636081190066,0.240238661045,9.790645868,-0.000253381695482,-0.000232820570752,0.349707102616
4.45,0.0261809216076,0.223374798644,9.83156569039,-0.000255879307698,0.000702833809311,0.350557626844
4.46,0.0140924563109,0.271664168082,9.81664924887,-0.00072138359568,0.000829593994401,0.34979868635
4.47,-0.0351201363652,0.273812764355,9.82418250644,0.000783679341341,4.53494682523e-05,0.349410863842
4.48,0.00454441555257,0.269832180897,9.81081365369,-0.000606408046657,-0.000292733146605,0.349971321092
4.49,0.000434965562195,0.23734219378,9.80323867791,-0.00101892936415,-0.000188828454332,0.350773067987
4.5,0.00654003118536,0.232570390357,9.81288114328,0.000303918722642,0.00119716934155,0.351183744632
4.51,-0.026407650189,0.25828923626,9.8101526047,-0.00199492091219,-0.000362234218475,0.349410530122
4.52,0.0258387442469,0.233654085008,9.8180119324,0.00174236429169,-0.00154965273175,0.349848424639
4.53,0.0118536408552,0.272510513005,9.81138871431,-0.000878059002428,-0.000143382344038,0.348049347417
4.54,-0.0141278710723,0.252683888223,9.82259151853,-0.000912197074249,-0.000290568037492,0.350565988153
4.55,-0.014550836597,0.286884313385,9.8482179755,0.00192387775829,-0.000215286300169,0.351242582104
4.56,-0.00315218393282,0.232021718849,9.81031469725,-0.000141785261594,0.000362464567577,0.350204377575
4.57,-0.0326766731332,0.269646553572,9.80231561723,0.00122927023999,-0.000241751971502,0.351870356618
4.58,-0.0193291412698,0.239962272037,9.81756410354,0.000572175732488,-0.000372164889061,0.349516766473
4.59,-0.0293922686405,0.22473568593,9.77505668189,0.000452813002414,-0.000397728910419,0.349753037606
4.6,-0.000141982825396,0.256765417766,9.8240960141,-0.00249707567113,-0.000604123594886,0.348674628574
4.61,0.0248954989833,0.243684800911,9.78315235127,0.00111410976823,0.000138752994253,0.350713756164
4.62,-0.0119509002277,0.256902149279,9.81289352132,0.000152891157176,-0.000905416023074,0.349354987751
4.63,0.027035065819,0.249879665705,9.86061732602,0.000991423388348,-0.00140743992327,0.350984720249
4.64,-0.0367033507548,0.239928718091,9.7817122217,-0.0012990103382,0.00104691483388,0.350385048508
4.65,0.0138186859552,0.257006459356,9.83079485781,0.00113485835089,0.0010984616011,0.350354446378
4.66,-0.0238625275352,0.241212901766,9.80711064853,0.000649352618091,0.00117372598816,0.350338121158
4.67,0.0432987200338,0.252758050327,9.81408954903,1.69050099961e-05,-0.00066873235029,0.349335591898
4.68,0.0143380936408,0.213831510962,9.77992430488,-0.00199611350493,-0.00230501365414,0.348863569472
4.69,0.0557335111762,0.210542091824,9.80401770031,-0.000830436882143,-0.000565767616037,0.350512527138
4.7,0.0122354303598,0.267214516709,9.83738049122,0.00103597753105,-0.000182866464549,0.348856907767
4.71,0.0541242495217,0.230192144983,9.81437560149,0.000208198824494,0.000478851544444,0.350597554365
4.72,-0.0224305358196,0.246904096459,9.81712802232,0.00139840221679,-0.000750316033736,0.349734783612
4.73,0.0176631301185,0.255124961121,9.82994293337,0.000144003613606,-0.00090650241814,0.347220124845
4.74,-0.0253437187056,0.214152624574,9.80759254442,-0.000765490491446,-0.000458461434947,0.349614476696
4.75,0.0217785623853,0.264579561868,9.81640852247,-0.000858539593915,-0.000733036532276,0.348840730364
4.76,0.0169665020847,0.281612109071,9.82391793698,-0.000414882589724,-0.00081756451144,0.349322745621
4.77,-0.0403275708062,0.268757884748,9.78516104503,0.000475124685473,0.000858419605057,0.350217776636
4.78,0.0029886473241,0.245098679551,9.81457385704,-5.71595440005e-05,0.000370365407005,0.348883811809
4.79,0.00601411698385,0.270238725541,9.80954472455,0.000880801197394,-0.00022542432605,0.348823099425
4.8,-0.00670298287724,0.242718008516,9.81317532843,0.000591543209211,0.000724007113816,0.351131148526
4.81,-0.0154279530962,0.229979828424,9.8318280284,9.78972203629e-05,-0.000887043175003,0.350260815939
4.82,-0.0035896607014,0.239023289255,9.79954225375,0.000142226268759,-0.00010165093051,0.349763150172
4.83,-0.0138187681477,0.247688104421,9.82346937265,-0.00103020543238,-0.000732376304525,0.349856380601
4.84,0.0291718468303,0.230765536264,9.78874648326,0.00102956888203,-0.000440867199459,0.349022405807
4.85,-0.0412499983957,0.23969899366,9.83368370732,-0.0013172112815,0.000605635130653,0.348180983078
4.86,0.0191419381046,0.24114036191,9.79823326977,-0.000571575039273,-0.000774770378677,0.351390742212
4.87,-0.00414692112084,0.23436525279,9.83698842253,-0.000192194994124,-0.000731882957676,0.348432802272
4.88,0.00749149564635,0.244893125332,9.81320770208,-0.000293486137082,0.00259965025203,0.350080450965
4.89,-0.00266093173158,0.25633401622,9.82194247005,-0.000274386162074,-0.000974308566987,0.351923946246
4.9,0.00584540263004,0.260892285205,9.78753941503,-0.00263700755665,-0.000430255494011,0.351124721768
4.91,0.0175408165884,0.227927255611,9.77989087192,0.00171962199523,0.000662588454402,0.350353515439
4.92,-0.00643914527286,0.257099533398,9.80964223503,0.00012342191381,0.000430359928967,0.350065911714
4.93,0.0273414685236,0.222233028348,9.84609673313,0.000675043408403,0.00113334280438,0.3493502692
4.94,-0.0194909504901,0.216959407686,9.81056834716,-0.00122430547224,0.000101976815975,0.350548717255
4.95,-0.0298969328197,0.261421075629,9.8507729076,-0.00092924970514,-0.00108924097142,0.349082135527
4.96,-0.00390659322691,0.237625109308,9.80522944923,0.001402681854,-0.00125050138274,0.349715244089
4.97,0.0057728122372,0.260609756837,9.79462807488,0.00194513686172,-0.00109368174985,0.348824558512
4.98,0.0201197906864,0.242756666966,9.85074674715,-0.00108138632188,-0.000228427471289,0.349493009183
4.99,0.000916878204095,0.242882426655,9.8070403878,-0.000848138694422,-0.000282490809292,0.350692395111
5,0.0152519369018,0.2059622882,9.79104367722,-0.000848160800715,0.000980510850652,0.350443522045
5.01,-0.0190071098931,0.253603492435,9.80312274803,0.000668960305782,-0.000517810486101,0.351404770042
5.02,-0.00743039247976,0.26268880498,9.82328345168,5.10902594813e-05,4.87803910749e-05,0.351337040315
5.03,-0.00701410117136,0.275118203781,9.82061583996,-0.001211058197,0.000876475647284,0.350666900234
5.04,0.0289695535117,0.244733461147,9.82010229991,-0.000635974852658,-0.000636889819118,0.34927688098
5.05,-0.0296304822767,0.239636401648,9.79765339916,0.00129103879844,-0.00127875901191,0.349472444567
5.06,-0.0276846754711,0.23354260245,9.81114245682,-0.000177920361072,-0.000816608661912,0.35005994198
5.07,-0.0147821013666,0.258292576079,9.78301661227,0.000804487267698,0.000494552729984,0.350949386476
5.08,0.0266312029931,0.220365895776,9.81809214744,0.000619602945019,-0.00135680218504,0.351268348076
5.09,-0.0223483795798,0.237898704061,9.80237493513,0.000818836322717,7.51463231051e-05,0.349254432163
5.1,0.00299878336627,0.242341823418,9.81771589306,-0.00202652578817,0.000298673451095,0.350224769184
5.11,-0.0235888095268,0.272669069738,9.82757674981,0.000598556985555,-0.00045226676393,0.349105391683
5.12,0.0335503163855,0.240196449039,9.80387674659,-0.000705421010256,0.000776885107306,0.349971576655
5.13,-0.0235868961699,0.255530211025,9.82210989891,0.000683426774106,-9.68058331706e-05,0.349076567227
5.14,0.0425611953163,0.209619759143,9.79552136703,0.000546515104208,-9.20192396458e-05,0.349927554211
5.15,-0.0144865324318,0.248563040203,9.82196829483,-0.000204417470002,-0.000149614319091,0.349469044183
5.16,0.026401569807,0.237767002776,9.78512629885,-0.000175848993168,5.0930977507e-05,0.350107260909
5.17,0.00267058383974,0.253232490589,9.7705271375,-6.40820036262e-05,0.00114035034556,0.351542306639
5.18,0.0109291126632,0.269130148003,9.83368138941,0.00048832650358,-0.000152129439112,0.350655549979
5.19,0.0490032586047,0.254536149918,9.82174104836,0.000156792376391,-0.000364642766798,0.351674662164
5.2,0.0196648301077,0.244167344992,9.80935485161,0.0011138517882,0.000108520093417,0.349273318447
5.21,0.00800707414231,0.233279545834,9.8109273052,0.00216585234002,-0.00021782413539,0.349864130924
5.22,0.0151359074755,0.264804277956,9.80448852999,-9.2609985265e-05,-0.000487382291278,0.350099820517
5.23,-0.0178942630421,0.242079203039,9.81897249028,0.00115997249433,-0.000325566731301,0.349462924324
5.24,-0.0227225451996,0.22984118964,9.81478002315,0.000322887289288,0.000672670006756,0.349685602548
5.25,0.028052005214,0.220583738342,9.8005807847,0.000713034425568,-0.000758186784263,0.350347274769
5.26,-0.00797308678481,0.238494378642,9.80137324471,6.23388178438e-05,0.00210747577136,0.350503326435
5.27,0.0172413966272,0.243044267045,9.81195591371,0.00219340289803,-0.00117029739025,0.349635890119
5.28,0.0254608411495,0.249019373386,9.78504687541,0.00131014806507,-0.000758383523379,0.350194899209
5.29,0.0421309723367,0.245730905378,9.80992599168,0.000969836996077,-0.000839252544621,0.349462434712
5.3,-0.0344877230872,0.25012142206,9.81388748479,-0.000852091173315,0.000762135119912,0.34712615506
5.31,-0.00445110027353,0.230930785227,9.79946735834,0.000932306676292,7.31276124957e-05,0.348465895115
5.32,0.00181967102076,0.226052134783,9.84679923927,0.00102027841764,-0.000572789098711,0.350036550081
5.33,0.013667279836,0.249651506631,9.82820527331,-4.86891819292e-05,0.00186092820155,0.350471315336
5.34,0.0233348561492,0.252905582092,9.81422162736,0.00104367189446,-0.000614348322473,0.349138633888
5.35,-0.00165593386222,0.250029029861,9.81301475993,0.000700708741043,-0.00019623432819,0.348799751439
5.36,-0.0350793459998,0.227085551142,9.79613718314,-0.00116900686376,-5.64616071911e-07,0.351273151115
5.37,0.00212345649258,0.233698448875,9.79004450961,-0.000875059112335,0.00166959103341,0.352147598686
5.38,-0.0037726389471,0.239080248192,9.80780036869,-0.00085905918738,-0.00217101065713,0.347559234147
5.39,-0.00637934897679,0.236146226535,9.80003084771,0.000659373303278,0.000452986332339,0.351225861482
5.4,0.00863728735536,0.232969519172,9.82228477105,0.00122647470444,-0.000550250100621,0.350136421114
5.41,-0.00902140699924,0.242117517454,9.79477209439,0.00148416304666,0.000609331869318,0.352382844953
5.42,-0.0136370916748,0.257741433044,9.8169302518,-0.00160231482552,0.00048894389689,0.351261179336
5.43,0.019215861683,0.240323252063,9.81515047757,-0.00218916799739,-0.000535176727945,0.350865546069
5.44,-0.00486846400779,0.239629220744,9.81502966985,0.000491864197248,-4.78827861685e-05,0.350764647398
5.45,-0.021282048275,0.254056391719,9.80293731942,-0.00060779456923,-0.00017695737969,0.349443807275
5.46,-0.00600449317273,0.219104579731,9.80520936524,6.3830937052e-05,0.00177683243245,0.351723568692
5.47,0.0211070966489,0.251807598942,9.82015938532,-0.000429019085823,-0.00133045213728,0.352195538553
5.48,0.0024379101051,0.238109467025,9.81021609781,-0.00087830418082,0.000765028834919,0.350062679736
5.49,0.0303217767751,0.224050819267,9.79248957897,0.00140099020478,-0.00167899246022,0.349710335082
5.5,-0.0276521042902,0.242154862546,9.81067313118,-9.66671176758e-05,-0.00175953925402,0.350164093587
5.51,-0.0338263885459,0.251168982275,9.83634236277,-0.000935490784593,-0.000160120630372,0.351576169988
5.52,-0.00943042610963,0.2188795219,9.81595818929,-0.000997306601586,-1.60215170191e-05,0.349720150027
5.53,-0.0102214832675,0.256942414485,9.81238146026,-0.000504373458881,-0.00130243658762,0.350001568269
5.54,0.0198484836907,0.23492515973,9.77908953799,-0.000855091781418,-0.000528405497612,0.350360643654
5.55,0.00351875687493,0.244865407049,9.81778441252,0.000902152327565,0.000784524513772,0.351192290715
5.56,-0.0179864735836,0.269997953599,9.80240105755,-0.000611497267497,-0.000152300763523,0.348851364492
5.57,-0.0262689033961,0.251286697465,9.81326181649,0.000249149434774,0.000204675182351,0.351058740452
5.58,-0.00617087541264,0.234785373741,9.84235648829,-0.00107045381933,8.56902726143e-05,0.351196612384
5.59,0.0438508925229,0.234299838941,9.79077550947,-3.22208920523e-05,-0.00028702091162,0.350348082813
5.6,-0.0108756599786,0.228740233992,9.82208799047,4.03019508994e-05,-0.000469542593316,0.349530595875
5.61,-0.000672801876626,0.243492956455,9.78549199785,-0.000789589615734,-0.000245541894566,0.351362089481
5.62,0.0467396321851,0.237299969336,9.8372826153,5.6414677948e-05,-0.00229625120751,0.350597192082
5.63,0.00818018928751,0.23559101056,9.78142824362,0.000497290089584,-0.00116160106577,0.350068351682
5.64,0.0187905788771,0.224965653152,9.81247797935,0.00140067888128,0.00202026337346,0.350486460465
5.65,-0.000998582226184,0.198251032409,9.82542843623,0.000554557377105,0.00116115796708,0.350579940016
5.66,-0.00512105615092,0.227185808142,9.79598372169,0.000918471730902,-0.00010557638541,0.350946093721
5.67,0.0229200245578,0.226679453495,9.79055332843,0.000586358690849,0.000241639402664,0.349742699915
5.68,0.00788009405952,0.212312163001,9.79628421149,0.000706466320375,0.000380175665097,0.350514547164
5.69,0.0118150982871,0.233384146632,9.82624049067,0.000726975908969,-0.00152434770949,0.348110077054
5.7,0.0311302211895,0.230584725429,9.81163726541,-0.000559473097234,0.00147167706368,0.34969163054
5.71,-0.0112626163147,0.229671561868,9.81431590891,0.000660961394229,0.000122444114487,0.351038963286
5.72,0.041788419971,0.246923929699,9.76864757006,-0.000548892307488,-0.000372868980087,0.350098707689
5.73,0.0125414663208,0.224022244449,9.8150054793,-0.000212720881938,0.00231281952448,0.350634614255
5.74,0.0142830655475,0.277810063977,9.80155835512,0.00152845402019,-0.000133979487458,0.351098859583
5.75,-0.0373784568939,0.20890027254,9.81043386895,-0.000162400130904,-3.4085747429e-05,0.350505612013
5.76,0.00713529489889,0.205736582592,9.83419215415,0.00192526844495,-0.000106375427562,0.349762249924
5.77,0.0176991137056,0.230867563343,9.79679757816,-0.00129130903595,-0.00114620745127,0.349377558514
5.78,0.00694301693402,0.238393452745,9.77127823724,-0.000444737199187,-0.000683979682037,0.350247010784
5.79,0.0150869702712,0.242609302656,9.80610253417,-0.00150100751082,-0.00114771016944,0.350923915907
5.8,-0.0340824201906,0.200337093558,9.8381566032,0.00113612630265,-0.00112778701954,0.348818004618
5.81,0.00243122443387,0.238743714754,9.79893740682,-0.00131200767572,-0.00110809548535,0.348792882864
5.82,0.0107619540664,0.221636210257,9.80993633077,-0.000772963962231,-0.000415474790445,0.350303395558
5.83,0.0238319869024,0.252305961852,9.81237143766,-0.000480235891102,-0.000536676839453,0.350723476279
5.84,0.0349735395206,0.245636865325,9.78589524635,0.00168703365524,-0.000929038121505,0.350070878067
5.85,-0.0280501660623,0.229832024188,9.83058893449,-0.000563683078014,0.000606588086408,0.350827358921
5.86,0.0113082153861,0.236749491734,9.80279434608,0.00176382837385,-0.000762809391443,0.350642580127
5.87,0.0102789453502,0.230627683612,9.81137991851,-0.000418370675357,-0.000796298642257,0.35152409529
5.88,-0.00249655118984,0.229313325827,9.7915155108,3.86010527284e-05,2.18363348005e-06,0.349894927162
5.89,0.0216357990214,0.247514166984,9.81104832909,0.0013455561201,0.000662141058939,0.351309757469
5.9,0.00807853204876,0.277640637748,9.80990610548,-0.000334703452494,0.000598031311811,0.349853682248
5.91,0.0345343923768,0.23846129989,9.81797800423,0.000877459450298,0.000282840033452,0.350787862018
5.92,0.00987561365641,0.242737991664,9.84966932848,-0.00126295463218,0.000173220910594,0.349776252023
5.93,0.0211216669093,0.28112417617,9.81097232366,8.40998172453e-05,-0.000353338551861,0.350292320046
5.94,0.00413866002543,0.248257621926,9.80999787961,-0.0012341576066,-0.00154030979279,0.349986219264
5.95,-0.0260394517954,0.246821758716,9.80945582514,0.000801660729208,-0.00152856102631,0.351235720732
5.96,-0.0108742769099,0.255067600249,9.83474061381,0.0015870397852,-0.00163896200591,0.351192466295
5.97,0.00614710731363,0.256328425695,9.8283636051,0.000588987255225,0.000711498829711,0.34824678817
5.98,0.00798033603023,0.25302229687,9.81157043912,0.000541667564697,-0.000115486091126,0.351375660307
5.99,-0.0389002763724,0.254806314916,9.80880819296,0.000699354383535,-0.000221176750131,0.348476979967
6,-0.0237445446494,0.251527521684,9.81076684435,0.00115138450433,-0.00151417419702,0.350330110524
6.01,-0.0404737022183,0.225841416379,9.79861462555,0.000435519454771,0.000308173555811,0.34902290505
6.02,0.0284265661816,0.269955086144,9.80870019856,0.00061348138958,-0.000616196750578,0.348989833736
6.03,-0.0232976337041,0.262447908562,9.7932135149,0.000566717439044,-0.000752792977986,0.350256675248
6.04,-0.0200430600025,0.221335526589,9.84920103653,-0.00221341479744,-0.00154266072431,0.349785618166
6.05,0.00720617138749,0.238135446648,9.79475382148,-0.000401791027426,-0.00148799542773,0.348512233926
6.06,0.0130185907409,0.247837341979,9.83079649881,0.00123907634671,0.000670036671797,0.350487773697
6.07,-0.0185445539665,0.268838169424,9.85048916285,0.00104014846972,0.000895810003744,0.349209454268
6.08,0.00468627012102,0.248241757257,9.78777074453,-0.000409284205344,-0.00143667071633,0.349090862614
6.09,-0.0280217527661,0.255665241113,9.79611324323,0.000657832403193,-0.00149500359857,0.348972279776
6.1,0.0270431219506,0.259726102516,9.79164360864,-0.00104432799023,0.000478754612404,0.35044698754
6.11,0.0161093653814,0.242475241011,9.81404586089,0.00060005692725,0.00128898005842,0.349443934159
6.12,-0.0162133860435,0.241493120713,9.81684735194,0.000182683547249,0.000181293088111,0.349861228679
6.13,0.00138460055557,0.260526224297,9.776261137,-0.000814194397898,0.000346684059538,0.350044653996
6.14,0.00170621836075,0.232718986805,9.79021048705,-0.000869354910798,1.91000937445e-05,0.349539311976
6.15,-0.00469871527792,0.251060620535,9.78653604822,0.000861736416126,-0.000223520320266,0.351331201666
6.16,0.0169230658793,0.22910565526,9.83252529266,0.00113466035496,-0.000545937862459,0.351237541462
6.17,0.00583714563621,0.246006253877,9.81941795427,-0.000331878170311,-0.000959877155042,0.350284402338
6.18,0.041070731479,0.219094911024,9.83290380178,-0.000249286575168,0.000164686154104,0.351409065696
6.19,0.0027008546019,0.249320010222,9.79011879033,0.00101430429332,0.000453219130275,0.349536650069
6.2,-0.0258592630352,0.269104518917,9.83011590501,-0.000139348311965,0.00156279605741,0.351848993221
6.21,-0.00518595811166,0.260300355402,9.83072291642,-0.000220290365178,0.000321159269648,0.351187040832
6.22,-0.0237266524962,0.241705015296,9.78294445988,0.00101705594286,-0.00142679281657,0.350680068643
6.23,0.0600468156592,0.238404053111,9.77634643798,-0.000403746520517,0.000895789582534,0.349550693903
6.24,0.0172442090489,0.261697251844,9.80187982784,-0.000605926544045,0.000282792819738,0.349988327064
6.25,0.0233876351795,0.244102575585,9.82107849529,-0.000913278974851,-0.000492656365378,0.348344166177
6.26,0.0348971815193,0.236386647667,9.80773570806,-0.000198922130757,0.00130831364317,0.350149597287
6.27,0.0024421174808,0.295584077477,9.79343595266,0.00154534053426,0.000180320401921,0.351159105004
6.28,-0.0208300655478,0.230351670148,9.81748096736,0.000193039087019,-0.00194891038049,0.349958409649
6.29,-0.0130579900747,0.277960107772,9.811917863,-0.000248687252427,-0.00128023218933,0.349545820962
6.3,0.00740329491961,0.219273305641,9.78662128971,-0.000348985100022,-0.00147483669578,0.351798530855
6.31,0.0136470672488,0.249795056715,9.78371781477,0.000355133932083,-0.000468395741994,0.350479103491
6.32,0.00656979316128,0.267483189111,9.83416973306,-0.000810466370573,1.07042720223e-05,0.349994007483
6.33,-0.00475858271109,0.258270707731,9.78785024787,0.000873821383304,-0.000223690693713,0.350419379615
6.34,0.0306906520736,0.24085535882,9.789632893,0.000356049593721,-0.00240004851784,0.349828547677
6.35,-0.0146961995048,0.27751732193,9.79155953759,0.000137096912454,-0.000384846092244,0.352112718196
6.36,-0.000496685346961,0.224933338507,9.82499002331,-0.000712148855022,0.000673641340818,0.348776428455
6.37,-0.0183887264795,0.237941266306,9.80046538696,0.00108184710792,0.000764134154487,0.351491325497
6.38,-0.017300066166,0.236787173735,9.81140180213,0.000645483247094,-0.00230524824811,0.351602399102
6.39,0.000264851964947,0.260497534653,9.80222350317,0.000208991829916,-0.000423567814397,0.351473690313
6.4,-0.00337573324072,0.246249943424,9.79290647286,0.00153285288042,0.000897178077584,0.350810114125
6.41,-0.0296208538071,0.243774771233,9.81637087397,-0.000416288471343,-0.000900321821084,0.349722662775
6.42,-0.0300114167496,0.22443423088,9.85449187871,0.000622428526285,0.000433717464889,0.348380711933
6.43,-0.0376836701084,0.218827115128,9.79067673551,0.00126403445642,0.000127510428382,0.349955292019
6.44,-0.00172004383259,0.205850563489,9.80240050561,-0.000581285921089,0.000132190596133,0.350018376785
6.45,0.0235809426402,0.232108196428,9.83023807747,-0.000207891465404,-0.000190355622704,0.35054193646
6.46,-0.014814464541,0.232463899776,9.79511805075,-0.000437944182029,0.000845271313295,0.348993596898
6.47,0.0428198129254,0.236168274107,9.82543339501,-0.000728297292485,0.000244778404928,0.348921293053
6.48,0.0296020138106,0.228335210676,9.7891010834,-0.000588500310221,-0.00168506361486,0.350099006231
6.49,0.00578468247995,0.24616985757,9.84081986246,7.15974034255e-05,0.00112475408742,0.349382623478
6.5,-0.0185209986549,0.219287647768,9.8312577228,0.0010880401194,-0.00063800408066,0.350357327545
6.51,-0.0224067754555,0.25128138804,9.79120736596,-0.000725512595903,-4.73338015988e-05,0.349961944122
6.52,0.00349427725179,0.222588745522,9.83822036886,3.02364903688e-05,0.00124736226404,0.34999504501
6.53,0.00821246633559,0.273077560507,9.82185650884,0.000344771542687,0.00168161969749,0.35033113226
6.54,0.0154430138734,0.222221207812,9.83408266718,-0.000678910098088,0.00194085630431,0.350729686288
6.55,-0.0095572230229,0.233271611787,9.81121537228,0.000186543104886,0.000608264996837,0.348519072885
6.56,0.014971173794,0.259870457806,9.81004689637,-0.00219067005274,0.000516588115464,0.349271052863
6.57,0.00252873201245,0.289924455486,9.82854517018,0.000218652656422,0.000290149982358,0.349316724705
6.58,0.0397600340086,0.219890950346,9.82639322817,-0.00170357953118,-0.000969039670233,0.34880870573
6.59,0.00908475198075,0.214473353826,9.81318784098,-0.00166902297235,-0.00108378794702,0.350740536384
6.6,0.0261146167194,0.218295223248,9.792767218,-0.00030510296119,7.9738797531e-05,0.351312955668
6.61,-0.00659641965495,0.229143347634,9.77921378657,-0.000304531726284,-0.000814240420573,0.35039959467
6.62,-0.0271472545419,0.220059157111,9.80155458059,0.000138147197826,0.000128565220618,0.348874413708
6.63,-0.00616508915557,0.250507567426,9.80455375242,-0.000278875343232,-0.000685279854102,0.351346673866
6.64,-0.0247939898768,0.23307904339,9.82961631812,0.000324448593724,-0.000627947184029,0.349599860026
6.65,0.0109723449461,0.228500583283,9.7619196026,-0.00122944343275,0.000301938932131,0.350553343498
6.66,0.0163287341947,0.261661962341,9.83777161775,-0.00125055932566,-0.00103385114388,0.349724248644
6.67,-0.00498000042545,0.247032169231,9.81353947906,0.000717090402786,0.000407918611776,0.349180566831
6.68,-0.0232055718039,0.220270178063,9.81535342673,0.000438914070577,-0.0018048764041,0.347835841982
6.69,0.00384592311023,0.234649639442,9.80536690033,-0.00052165445817,-0.000853173122828,0.348169459308
6.7,-0.0201998901951,0.213804330811,9.8083846698,-0.002110611589,-0.000829850141571,0.350534407593
6.71,0.0354736370563,0.258984009921,9.77987814192,0.00116896429861,0.000405124259635,0.347795541205
6.72,-0.0192753351464,0.239836694956,9.79135260268,0.00091715068771,0.00026244617913,0.350099302617
6.73,-0.0061060613556,0.29056872377,9.82069307792,0.000365613271323,0.00126848153266,0.350260498099
6.74,0.0346889132798,0.241321308007,9.81540889271,-0.00125714090622,0.000735644050405,0.352514542548
6.75,-0.0431120609279,0.238531811602,9.83073006062,-0.000107680542959,-0.000784645956221,0.349571200784
6.76,0.01434100538,0.235642733495,9.79442450046,-0.000812227777872,0.000685515883891,0.348982591322
6.77,-0.0137280174992,0.242078216343,9.79863186117,-0.000322288299069,-0.000680394052856,0.349656718261
6.78,0.00264382515657,0.244619662385,9.78815850219,0.00166511280619,-0.000442274838282,0.348433862026
6.79,-0.0127037364562,0.235614897443,9.79006306734,0.000580982022879,-0.00041556566165,0.350309341663
6.8,0.0330980786085,0.241937816845,9.80596080236,-0.000600689278381,0.00166120738259,0.34949805195
6.81,0.00443233325681,0.262141366956,9.82607317053,0.000452694499232,-0.000585657632975,0.348653490397
6.82,-0.00885694909252,0.234499289509,9.81412216006,0.00189392479194,0.000756660443565,0.351186067174
6.83,-0.0201596213968,0.251790662781,9.78132949815,-0.000417444968832,6.85001691598e-05,0.347465113695
6.84,0.014349690876,0.263148975578,9.80720247442,0.000821831977254,2.13583141934e-05,0.349881032717
6.85,-0.0157552013074,0.257013057789,9.81574319504,-0.00169941591859,0.000483255820295,0.350646474598
6.86,-0.00282629511315,0.233986872253,9.80274647577,0.00137892690222,-0.00116341534468,0.349608791426
6.87,0.0298114312977,0.251913952914,9.80634111084,0.000419705567365,-0.0014642232861,0.349530429796
6.88,0.0160819575423,0.256865342008,9.78923191898,-0.00141612907502,0.000736804875517,0.350650589946
6.89,0.0113528708755,0.219305366897,9.84511427751,-0.000945409280645,-0.000619225171821,0.350359438576
6.9,-0.00291561189173,0.235859176581,9.82765057985,0.00031915731741,1.45680154888e-05,0.349995842486
6.91,-0.0100395625651,0.276427988681,9.82582687193,-0.00072667325248,-0.000912564363413,0.348821666457
6.92,-0.0241508218403,0.231754928665,9.80060293495,-0.00128480672801,0.00138861957957,0.351143343928
6.93,0.0133983292368,0.242226268556,9.80040351867,0.000118931739426,-0.00117714266422,0.351322691837
6.94,0.00273471437759,0.230059770806,9.79665177604,4.83170822118e-05,0.00121107687686,0.348248562851
6.95,0.0209333646679,0.266539064055,9.83601731087,-0.00148344234505,0.000772987349616,0.34852133173
6.96,0.00844040605942,0.256317860867,9.83289056785,0.00165018850848,0.000663235111903,0.350534646376
6.97,0.00898828285111,0.241700042846,9.79860162887,-0.000953482249299,0.00215353915301,0.35053251732
6.98,0.0150956266012,0.261231052249,9.8057981228,-0.000656743753365,-0.00178081983788,0.350291976231
6.99,-0.00705863607711,0.260421904332,9.81577511469,-0.00197297820674,0.000937886101865,0.350620189681
7,0.0111860584288,0.245547389483,9.83508524808,0.000596631729765,-0.00021033319427,0.347536892054
7.01,0.0078665424797,0.257509636778,9.85637167712,-0.00050469131067,-0.000816995042212,0.350317111488
7.02,0.00433332328504,0.238522734236,9.83815084828,0.00102966945411,-0.00221182440185,0.350527275824
7.03,-0.00777293263307,0.229009529208,9.8109028292,0.00116307544466,-0.000986063685298,0.348833820739
7.04,-0.0218432169534,0.245363748764,9.82496305952,-5.43295115074e-05,-0.000363472654975,0.352014695898
7.05,-0.0227946685767,0.233544364106,9.79899570808,-0.00141305852494,0.000283245938975,0.350476725518
7.06,-0.00131649268695,0.224454466828,9.82535234386,0.00192689209797,0.00151191724145,0.351209138728
7.07,-0.0132821763527,0.238376444736,9.74935667332,0.000322154641852,0.000239464658849,0.350727511181
7.08,0.00485097765135,0.269351762783,9.79047343685,-0.00161629328248,0.000650594066811,0.350799316277
7.09,-0.027886631603,0.233508799043,9.82200432036,0.000500834938915,-0.000271442696049,0.348466390322
7.1,0.0313592193316,0.253973216793,9.80357859353,0.00058641353003,0.000283994126867,0.350465010082
7.11,-0.0195352765612,0.24829424696,9.84453886457,-7.30888356889e-06,0.000415928639415,0.350563632721
7.12,-0.00290108188431,0.242774050892,9.82426517619,-0.00206744340012,0.000943275812861,0.349334566064
7.13,-0.0050762260201,0.267941174737,9.78962660235,0.000127653888918,0.00123154444955,0.351529608049
7.14,0.0167657833698,0.256289374528,9.86841984767,-0.000544142154472,0.000498813624408,0.347366568017
7.15,-0.00113800281536,0.251113266638,9.8188599728,-0.000277987173043,0.000172073602653,0.348330342135
7.16,-0.00728936737101,0.237494012511,9.82656561235,0.000140153637333,0.00107307805702,0.350477482596
7.17,-0.0152364577139,0.251650741645,9.82066124748,0.00229794933332,0.000272696581577,0.349119645649
7.18,0.000353364627598,0.247641654921,9.83127932515,0.000916265422472,0.00188774801985,0.351598533714
7.19,-0.00871944227775,0.254323800778,9.78044360628,-0.00175992047594,-0.000522603333519,0.349387841884
7.2,0.0288665625976,0.239193494361,9.79052437709,0.000839936847564,-0.000867778255536,0.35048596053
7.21,0.0125712309754,0.231618298519,9.79415672535,-0.000379461912072,-8.73598955043e-06,0.348475251964
7.22,0.0203457532128,0.242533961701,9.80214039212,0.000431702782969,2.45174638182e-05,0.349570189476
7.23,0.000776061819309,0.275619157618,9.79868307946,0.00127036410504,0.000399339145366,0.349063520692
7.24,0.0032023107862,0.250201861224,9.7921022223,0.000279135252904,0.000830628720091,0.349424557165
7.25,-0.00679172234339,0.23516128037,9.80134971295,-0.000852404241118,-0.00241847359642,0.348345897509
7.26,-0.0069710786505,0.296954835122,9.79032467987,0.000681270969126,-0.00190664078272,0.349978741378
7.27,0.0159925456716,0.214027330644,9.85713017033,0.000512378840637,0.000116986048121,0.351465396796
7.28,-0.0186287863495,0.228266373173,9.8053066567,-0.000303214762336,-0.00071415042838,0.347888611999
7.29,-0.0275315986606,0.255122537911,9.82280418735,0.000306917680675,-0.0005184332585,0.34915144373
7.3,0.0422839837102,0.233787832617,9.78759266328,-0.000109441557679,-0.000516033909149,0.350506650198
7.31,-0.011544945837,0.278886076232,9.81479098198,0.000503294944482,0.000468083499738,0.35071582188
7.32,0.0122140388883,0.21692412563,9.84221394156,0.00060225695719,-0.000421129426914,0.349486447971
7.33,0.00189823255399,0.251806266149,9.81076647731,0.000901977183958,0.000828231202584,0.349778133617
7.34,-0.0241467902172,0.258328396726,9.8050022976,0.00221267572587,0.000181845359699,0.350260652458
7.35,-0.0194678797664,0.257221435265,9.8240628183,0.00154286952816,-0.000825804395652,0.350414633312
7.36,-0.0293599707428,0.229340853037,9.82075524215,0.00168497951672,0.000850537930688,0.349267761148
7.37,-0.00593281495772,0.247603247496,9.83759661985,-0.0012544742554,0.000332342782578,0.349280360713
7.38,-0.00186769927146,0.245589624098,9.80917775419,-0.000531979416835,0.000672256936165,0.349137870895
7.39,0.00687390495747,0.254231267704,9.79300787113,-0.00118226455187,0.000785797117193,0.350493908643
7.4,-0.0238312468173,0.241755660513,9.81843376921,-0.00132442994539,-0.000169594947981,0.349881436763
7.41,0.0121303098622,0.207732213094,9.78606634041,0.00146805335342,-0.00101168630505,0.350289559169
7.42,0.0248947771661,0.243627308324,9.80540305344,0.000820705229034,-0.00180896772174,0.350725237677
7.43,-0.00284213066441,0.253048124142,9.78955814023,0.000856065140868,-0.000975432562831,0.349183516899
7.44,-0.020707424812,0.229199903657,9.80762240315,0.0019905751283,0.000810350700662,0.350621373789
7.45,0.0195891244031,0.216839149527,9.78575561479,0.000897088369169,-0.000649486412845,0.348085717194
7.46,-0.00811398957379,0.231590048038,9.84486398381,0.00113160960106,0.000876581626356,0.350057127245
7.47,-0.0112044928327,0.258338942817,9.77048416942,-0.00131062617848,-0.000849302623365,0.351378682755
7.48,0.0211656616737,0.254373753417,9.79915480442,-0.000369115222437,-0.00132345743196,0.350975420649
7.49,-0.00481642221038,0.230803350493,9.82896878064,6.4939327034e-05,0.0012461720634,0.349966194314
7.5,-0.00401029764524,0.238590168135,9.82181967054,0.00160391712241,-0.00098858594727,0.351949006631
7.51,0.00195760700931,0.231800619751,9.78923165809,0.000196419662876,-0.000703085733608,0.35022201744
7.52,-0.0176596352867,0.23864158988,9.80706107282,0.00189572869906,0.000442663742818,0.352440548807
7.53,-0.00154606789657,0.253745657778,9.81158511276,7.61361979728e-05,0.000810076199306,0.350323664032
7.54,-0.0112753168468,0.228413379072,9.83241084047,0.000668100644885,-0.0012970279036,0.347914320752
7.55,-0.0183445082974,0.217604574274,9.798485368,0.000698646929786,-0.000401044587664,0.35012799032
7.56,-0.0287224359069,0.241251064565,9.7761261758,-8.34687388513e-05,0.000497214198023,0.34963198007
7.57,-0.000270950338087,0.263432699966,9.8157106661,-0.00016956418064,5.2393728484e-05,0.350026704642
7.58,-0.018107365604,0.219123822006,9.81093454734,-0.000255082336674,0.000376522903712,0.350200829104
7.59,-0.0206890957102,0.266575460881,9.81034041208,-0.000316691672318,-0.000469653210347,0.349746119064
7.6,-0.0103750860891,0.241626766613,9.81232809617,0.000482278104926,-0.000389044835969,0.349611495939
7.61,-0.0131523494878,0.2349986808,9.79854627714,-0.00127091533118,-0.00107282977922,0.350292298574
7.62,-0.0327554641347,0.247862955062,9.84213488774,-5.15905429529e-05,0.00106441622193,0.349025594637
7.63,-0.00193353209577,0.256873159974,9.83453834909,-0.0013919010182,-0.00120750348848,0.349232487939
7.64,-0.0178566115801,0.251928592356,9.83728747565,-0.000128643742114,-0.00260383228298,0.351808845797
7.65,-0.0479294613726,0.245762516839,9.81384436573,-0.00121317690713,-9.57112222668e-05,0.351109452165
7.66,0.0215859499342,0.244669781761,9.82255528585,0.000264411541704,0.00146255388521,0.34945857375
7.67,-0.0267644793341,0.253318233354,9.81879673477,-9.72536045127e-05,-0.00068679359979,0.351002017048
7.68,-0.0266878599091,0.239979966943,9.81921626972,-0.000795097213096,0.00015813949364,0.350861484327
7.69,-0.00768092660738,0.238256867618,9.83790928611,0.00072827355629,-0.000792291050814,0.350830886165
7.7,-0.0257750598061,0.224519672977,9.8222491587,0.000745015392407,0.00030524029881,0.35000855793
7.71,0.0173137432396,0.228068503175,9.79092915019,0.00139089492395,0.000275170902882,0.351023574258
7.72,0.0295902254758,0.258218127894,9.81138963702,-0.000493166124924,-0.000644443179813,0.35067203006
7.73,-0.0382330592174,0.205765641219,9.81846077043,-6.54466548287e-05,0.00112648822603,0.349289937675
7.74,0.0143346068132,0.212175858488,9.81268970178,-0.000200486394826,-0.00021702408218,0.349489330327
7.75,0.00335544146911,0.264549206187,9.75782720272,0.00019317351106,0.000689149743502,0.347686184718
7.76,0.0159662142109,0.239003661562,9.81251479753,0.00022858601038,0.00051104543602,0.350974551904
7.77,-0.00815819141161,0.252094513128,9.7928709135,0.000236151378655,0.000336049951885,0.349723160327
7.78,0.038126964263,0.224672662075,9.86037142827,-0.00186143711727,0.000633588070825,0.350908572192
7.79,-0.0139533094371,0.246574653206,9.80542847099,0.00139400573474,0.00213697941176,0.350219073234
7.8,-0.0134764587466,0.264182501685,9.82979261803,-0.000666802324126,-0.00101316667797,0.351230249273
7.81,-0.0051360223311,0.241088334509,9.81752945318,-0.00127219626909,-0.000378517314166,0.349875469675
7.82,-0.00613968075443,0.217206647469,9.77887923605,0.00011226241287,-0.000192094751805,0.349074816843
7.83,-0.0162011517488,0.231754677496,9.78734761393,-0.000224905126843,-1.33791609003e-05,0.347592816486
7.84,-0.00201109033486,0.241116300159,9.78814413509,0.000858535570979,0.00163217825246,0.350425530588
7.85,0.00745259322881,0.275799387725,9.81950605475,-0.00114668040479,-0.00162098669272,0.349526926918
7.86,-0.00880643433939,0.214490783942,9.79732274943,0.000483886648878,0.000535078830106,0.349933757787
7.87,-0.0148506374446,0.232347561989,9.7810324461,7.31214450112e-05,-0.00083565990024,0.349429015208
7.88,0.0112565924095,0.20279392042,9.78989275286,-0.000351862484105,0.00038734215085,0.348616017981
7.89,-0.0466682299336,0.245179787518,9.78141074854,-0.000771221725825,0.000287545321938,0.349116787549
7.9,-0.0102944657656,0.230306402898,9.81247936349,-0.00058748408383,0.000209781322982,0.350742909945
7.91,-0.000186146141265,0.244453404693,9.778507534,-0.00157286666017,0.000342615289931,0.351013006946
7.92,-0.00197687738998,0.226715645258,9.78330956818,0.000467983583073,0.00113049862763,0.349063011622
7.93,-0.031952733886,0.226504373831,9.82064100645,-0.000110643403646,0.000699401888358,0.349658564126
7.94,0.0369214768756,0.251508762946,9.80809133755,-0.000847887153502,5.78095025193e-05,0.349989828846
7.95,-0.0112107760981,0.227431894285,9.81257189134,-0.000319015907546,-0.00138598456452,0.348834028372
7.96,0.00835252932404,0.257617949095,9.83115106296,0.00194652536111,0.000446681998756,0.349021918539
7.97,0.0240124180173,0.234284689775,9.85536398723,-0.000138021224772,0.000667958196645,0.349690684681
7.98,-0.0341433602671,0.251454548264,9.84442048147,-0.00131738791895,-3.51003171538e-05,0.350793831901
7.99,0.0148713216943,0.218573796668,9.79744811862,-4.81995624675e-05,-0.000783283664905,0.349495243916
8,0.0309214275084,0.246617893351,9.79570860547,-0.000661277982617,0.000882369840521,0.351011744711
